{
  "project_info": {
    "project_number": "1038158277602",
    "project_id": "barber-e55c7",
    "storage_bucket": "barber-e55c7.appspot.com"
  },
  "client": [
    {
      "client_info": {
        "mobilesdk_app_id": "1:1038158277602:android:7722c8c33caad0c7fa67bb",
        "android_client_info": {
          "package_name": "com.example.final_p"
        }
      },
      "oauth_client": [],
      "api_key": [
        {
          "current_key": "AIzaSyCAXNiVeUfDguUXcQOZ_CxMbCBhhD1hIyE"
        }
      ],
      "services": {
        "appinvite_service": {
          "other_platform_oauth_client": []
        }
      }
    }
  ],
  "configuration_version": "1"
}